Number,GivenName,Surname,Username,Title,Unit,Gender,StreetAddress,Postcode,City,Country,CountryFull,TelephoneNumber,Birthday
1,Steven,Hermans,stevenh,CEO,management,male,Perksesteenweg 399,9080,Lochristi,BE,Belgium,0486 76 61 61,2/3/1987
2,Steven,Van Daele,stevenv,Software Engineer,technical,male,Herentalsebaan 2,2970,'s Gravenwezel,BE,Belgium,0486 51 22 21,1/8/1978
3,Leen,De Meester,leend,Software Engineer,technical,female,Putstraat 185,9667,Horebeke,BE,Belgium,0479 16 26 50,1/27/1971
4,Sven,Aerens,svena,Account Manager,sales,male,Reukenstraat 23,9000,Gent,BE,Belgium,0489 30 46 47,11/6/1984
5,Nehir,Ba≈üar,nehirb,System Engineer,it,female,Wijteveldstraat 3,9250,Waasmunster,BE,Belgium,0477 64 59 55,9/29/1986
6,Alexander,De Coninck,alexanderd,Software Engineer,technical,male,Hammersweg 25,8310,Brugge,BE,Belgium,0489 69 39 54,10/24/1976
7,Kris,Vanhaverbeke,krisv,CFO,management,male,Berkendreef 306,9000,Gent,BE,Belgium,0498 90 75 25,1/17/1987
8,Benoit,Pluquet,benoitp,Account Manager,sales,male,Weerschede 9,9000,Gent,BE,Belgium,0494 23 14 30,1/16/1974
9,An,Coppens,anc,Graphical Designer,technical,female,Industrieweg 247,9255,Buggenhout,BE,Belgium,0496 54 32 23,1/1/1987
10,Elena,Andreev,elenaa,Office Manager,management,female,Mimosastraat 7,9000,Gent,BE,Belgium,0488 47 24 72,6/9/1976
11,Evy,Tilleman,evyt,Technical Writer,technical,female,Wolvertemsesteenweg 93,9960,Assenede,BE,Belgium,0480 75 44 69,1/4/1983
12,Christophe,Van der Meersche,christophev,System Administrator,it,male,Berkendreef 77,9052,Zwijnaarde,BE,Belgium,0499 59 30 69,5/1/1982
13,Stefaan,Vernimmen,stefaanv,Support Specialist,technical,male,Schietboompleinstraat 82,9830,Sint-Martens-Latem,BE,Belgium,0492 30 45 97,6/15/1988
